[{"id":"0","name":"","src":"/images/elvine/elvineYakim_camel0173.jpg"},{"id":"1","name":"","src":"/images/elvine/elvineWelby_light_beige0587.jpg"},{"id":"2","name":"","src":"/images/elvine/elvineTrigger_castor_green0137.jpg"},{"id":"3","name":"","src":"/images/elvine/elvineScolder_maple0233.jpg"},{"id":"4","name":"","src":"/images/elvine/elvineQuill_brown0830.jpg"},{"id":"5","name":"","src":"/images/elvine/elvineQuill_brown0826.jpg"},{"id":"6","name":"","src":"/images/elvine/elvineLeanna_maple2553.jpg"}]