[
  { "id": "0", "name": "", "src": "/images/pk-high-end/coverpk.jpg" },
  {
    "id": "8",
    "name": "",
    "src": "/images/pk-high-end/PLAZAKVINNAVÅRTREND.jpg"
  },
  {
    "id": "6",
    "name": "",
    "src": "/images/pk-high-end/PLAZAKVINNAVÅRTREND01481web.jpg"
  },
  {
    "id": "7",
    "name": "",
    "src": "/images/pk-high-end/PLAZAKVINNAVÅRTREND0101web.jpg"
  },
  { "id": "1", "name": "", "src": "/images/pk-high-end/35A06161web.jpg" },

  {
    "id": "5",
    "name": "",
    "src": "/images/pk-high-end/PLAZAKVINNAVÅRTREND0479web.jpg"
  },
  {
    "id": "3",
    "name": "",
    "src": "/images/pk-high-end/PLAZAKVINNAVÅRTREND0848web.jpg"
  },

  { "id": "9", "name": "", "src": "/images/pk-high-end/35A0696web.jpg" }
]
