[
  { "id": "5", "name": "", "src": "/images/slätt/pkledbergdenimyellow.jpg" },
  { "id": "10", "name": "", "src": "/images/slätt/ledbergpk.jpg" },
  { "id": "8", "name": "", "src": "/images/slätt/pkledberg.jpg" },
  { "id": "0", "name": "", "src": "/images/slätt/pkledbergwhitedenim.jpg" },
  { "id": "4", "name": "", "src": "/images/slätt/pkledbergorangedenim.jpg" },
  { "id": "1", "name": "", "src": "/images/slätt/pkledbergspring.jpg" },
  { "id": "2", "name": "", "src": "/images/slätt/pkledbergskirt.jpg" },

  { "id": "7", "name": "", "src": "/images/slätt/pkledbergaker.jpg" }
]
