[
  { "id": "22", "name": "", "src": "/photo/billyss1.jpg" },
  { "id": "21", "name": "", "src": "/photo/billyss2.jpg" },
  { "id": "20", "name": "", "src": "/photo/billyss3.jpg" },
  { "id": "23", "name": "", "src": "/photo/billyaw1.jpg" },
  { "id": "5", "name": "", "src": "/photo/pkparis1.jpg" },
  { "id": "4", "name": "", "src": "/photo/pkparis2.jpg" },
  { "id": "15", "name": "", "src": "/photo/malcom1.jpg" },
  { "id": "14", "name": "", "src": "/photo/malcom2.jpg" },
  { "id": "10", "name": "", "src": "/photo/pkcover1.jpg" },
  { "id": "8", "name": "", "src": "/photo/pkcover3.jpg" },
  { "id": "9", "name": "", "src": "/photo/pkcover2.jpg" },
  { "id": "1", "name": "", "src": "/photo/svamagazine1.jpg" },
  { "id": "0", "name": "", "src": "/photo/svamagazine2.jpg" },
  { "id": "12", "name": "", "src": "/photo/odalisque1.jpg" },
  { "id": "11", "name": "", "src": "/photo/odalisque2.jpg" },
  { "id": "7", "name": "", "src": "/photo/pkfarmer1.jpg" },
  { "id": "6", "name": "", "src": "/photo/pkfarmer2.jpg" },
  { "id": "18", "name": "", "src": "/photo/institute1.jpg" },
  { "id": "3", "name": "", "src": "/photo/punk1.jpg" },
  { "id": "2", "name": "", "src": "/photo/punk2.jpg" },
  { "id": "16", "name": "", "src": "/photo/lindexkids.jpg" },
  { "id": "19", "name": "", "src": "/photo/elvine.jpg" },
  { "id": "17", "name": "", "src": "/photo/lindexdam.jpg" },
  { "id": "13", "name": "", "src": "/photo/mqmarqet.jpg" }
]
