[
  { "id": 1, "name": "", "src": "/stilleben/bild_99.jpg" },
  { "id": 2, "name": "", "src": "/stilleben/bild_97.jpg" },
  { "id": 3, "name": "", "src": "/stilleben/bild_96.jpg" },
  { "id": 4, "name": "", "src": "/stilleben/bild_92.jpg" },
  { "id": 5, "name": "", "src": "/stilleben/bild_84.jpg" },
  { "id": 6, "name": "", "src": "/stilleben/bild_62.jpg" },
  { "id": 7, "name": "", "src": "/stilleben/bild_54.jpg" },
  { "id": 8, "name": "", "src": "/stilleben/bild_53.jpg" },
  { "id": 9, "name": "", "src": "/stilleben/bild_45.jpg" },
  { "id": 10, "name": "", "src": "/stilleben/bild_39.jpg" },
  { "id": 11, "name": "", "src": "/stilleben/bild_37.jpg" },
  { "id": 12, "name": "", "src": "/stilleben/bild_36.jpg" },
  { "id": 13, "name": "", "src": "/stilleben/bild_30.jpg" },
  { "id": 14, "name": "", "src": "/stilleben/bild_29.jpg" },
  { "id": 15, "name": "", "src": "/stilleben/bild_18.jpg" }
]
